our_page,our_page_title,linked_url,linked_domain,organization,anchor_text,stat_or_claim,why_valuable,content_type,context
/blog/what-is-rag-retrieval-augmented-generation,What Is RAG (Retrieval-Augmented Generation)?,https://developers.openai.com/api/docs/guides/embeddings,developers.openai.com,OpenAI,OpenAI Embeddings Guide,,"Technical reference for the embedding model used in RAG pipelines; directly relevant to VocUI's core tech stack",Technical documentation,Cited as the reference for understanding how text gets converted into vector embeddings
/blog/what-is-rag-retrieval-augmented-generation,What Is RAG (Retrieval-Augmented Generation)?,https://dev.to/klement_gunndu_e16216829c/vector-databases-guide-rag-applications-2025-55oj,dev.to,dev.to / industry research,vector database market,"Vector database market projected to reach $10.6B by 2032","Industry market size data supporting the growth of RAG infrastructure",Industry research / blog,Cited to support claims about the growing importance of vector databases in RAG systems
/blog/what-is-rag-retrieval-augmented-generation,What Is RAG (Retrieval-Augmented Generation)?,https://www.frontiersin.org/journals/public-health/articles/10.3389/fpubh.2025.1635381/full,frontiersin.org,Frontiers in Public Health,Frontiers in Public Health study,RAG-based AI system achieved 94% accuracy in healthcare triage recommendations,Peer-reviewed stat backing RAG accuracy claims in high-stakes domains,Academic journal,Cited to demonstrate real-world RAG accuracy in healthcare settings
/blog/what-is-rag-retrieval-augmented-generation,What Is RAG (Retrieval-Augmented Generation)?,https://supabase.com/docs/guides/ai,supabase.com,Supabase,pgvector,,"Technical reference for VocUI's own pgvector implementation in Supabase",Technical documentation,Cited as the implementation reference for storing and querying vector embeddings
/blog/what-are-embeddings-explained-simply,What Are Embeddings? Explained Simply,https://arxiv.org/abs/1706.03762,arxiv.org,arXiv,transformer architecture,,"Original Attention Is All You Need paper; foundational academic reference for how modern embeddings work",Academic paper,Cited as the origin of the transformer architecture underpinning embedding models
/blog/what-are-embeddings-explained-simply,What Are Embeddings? Explained Simply,https://developers.openai.com/api/docs/guides/embeddings,developers.openai.com,OpenAI,OpenAI Embeddings Guide,,"Technical reference for the specific embedding model used; directly relevant to VocUI's stack",Technical documentation,Cited as the practical resource for generating embeddings via OpenAI's API
/blog/what-are-embeddings-explained-simply,What Are Embeddings? Explained Simply,https://dev.to/klement_gunndu_e16216829c/vector-databases-guide-rag-applications-2025-55oj,dev.to,dev.to / industry research,compiled industry research,"Vector database market projected to reach $10.6B by 2032","Industry data on the growth of the embedding/vector database ecosystem",Industry research / blog,Cited to support the commercial relevance of embeddings and vector search
/blog/what-are-embeddings-explained-simply,What Are Embeddings? Explained Simply,https://supabase.com/docs/guides/database/extensions/pgvector,supabase.com,Supabase,Supabase with pgvector,,"Technical reference for VocUI's pgvector implementation",Technical documentation,Cited as the specific Supabase extension used to store and query embeddings
/blog/chatbot-for-travel-agencies,AI Chatbot for Travel Agencies,https://www.stratosjets.com/blog/online-travel-statistics/,stratosjets.com,Stratos Jet Charters,travelers visit 38 websites before booking,"Travelers visit an average of 38 websites before making a booking decision","Consumer behavior stat showing the research complexity of travel purchases; supports chatbot need",Industry blog / statistics roundup,Cited to demonstrate how much pre-purchase research travelers do and why they need instant answers
/blog/chatbot-for-travel-agencies,AI Chatbot for Travel Agencies,https://www.mindfulecotourism.com/chatgpt-and-ai-chatbots-travel-booking-statistics-and-trends/,mindfulecotourism.com,Mindful Ecotourism,60% of travelers open to chatbots,"60% of travelers are open to using AI chatbots for trip planning","Adoption data showing travel customers are receptive to chatbot interactions",Industry research / statistics,Cited to show travel-specific openness to AI chatbot assistance
/blog/chatbot-for-travel-agencies,AI Chatbot for Travel Agencies,https://www.perk.com/blog/online-travel-booking-statistics/,perk.com,Perk,"AI in tourism $3.37B in 2024, projected $13.9B by 2030","AI in tourism market valued at $3.37B in 2024, projected to reach $13.9B by 2030","Market size data supporting investment in travel AI tools",Industry research / statistics,Cited for the travel AI market growth projection
/blog/chatbot-for-saas-onboarding,AI Chatbot for SaaS Onboarding,https://cloudcoach.com/blog/51-statistics-you-need-to-know-the-state-of-saas-onboarding-and-implementation/,cloudcoach.com,Cloud Coach,40-60% of SaaS users abandon after one use,"40–60% of SaaS users who sign up never return after the first session","Churn stat directly tied to onboarding failure; core argument for chatbot-assisted onboarding",Industry research / statistics,Cited to establish the scale of SaaS onboarding abandonment
/blog/chatbot-for-saas-onboarding,AI Chatbot for SaaS Onboarding,https://userpilot.com/blog/time-to-value-benchmark-report-2024/,userpilot.com,Userpilot,20% TTFV reduction lifted ARR by 18%,"A 20% reduction in time-to-first-value lifted ARR by 18% in benchmark data","Revenue impact data linking faster onboarding to measurable ARR growth",Industry research / benchmark report,Cited to quantify the revenue impact of improving time-to-value in SaaS onboarding
/blog/chatbot-best-practices-for-small-business,Chatbot Best Practices for Small Business,https://blog.hubspot.com/service/customer-service-stats,blog.hubspot.com,HubSpot,75% of customers spend more on brands with good CX,"75% of customers say they are willing to spend more with companies that give them a great customer experience","CX loyalty stat supporting the ROI case for quality chatbot interactions",Industry research / statistics,Cited to support the argument that investing in quality customer service pays off in revenue
/blog/knowledge-base-content-best-practices,Knowledge Base Content Best Practices,https://docs.langchain.com/oss/python/langchain/rag,docs.langchain.com,LangChain,retrieval-augmented generation,,"Technical reference for RAG architecture patterns; relevant to how VocUI's knowledge base system works",Technical documentation,Cited as a technical reference for the retrieval-augmented generation approach underlying knowledge base chatbots
/blog/chatbot-security-and-privacy-guide,Chatbot Security and Privacy Guide,https://www.nist.gov/itl/ai-risk-management-framework,nist.gov,NIST (National Institute of Standards and Technology),AI Risk Management Framework,,"Official US government AI risk framework; authoritative reference for AI security compliance",Government / regulatory,Cited as the standard risk management framework organizations should reference for AI deployments
/blog/chatbot-security-and-privacy-guide,Chatbot Security and Privacy Guide,https://cheatsheetseries.owasp.org/cheatsheets/Cryptographic_Storage_Cheat_Sheet.html,cheatsheetseries.owasp.org,OWASP,Cryptographic Storage Cheat Sheet,,"Industry-standard security reference for encryption implementation best practices",Security reference,Cited as the authoritative guide for encryption and cryptographic storage standards
/blog/chatbot-security-and-privacy-guide,Chatbot Security and Privacy Guide,https://gdprlocal.com/chatbot-gdpr-compliance/,gdprlocal.com,GDPRLocal,GDPR compliance,,"Practical guide for GDPR compliance requirements specifically for chatbots",Compliance reference,Cited as a resource for understanding GDPR requirements as applied to chatbot deployments
/blog/chatbot-security-and-privacy-guide,Chatbot Security and Privacy Guide,https://artificialintelligenceact.eu/article/50/,artificialintelligenceact.eu,EU AI Act,Article 50,,"Authoritative reference to the EU AI Act's transparency requirements for AI systems",Regulatory / legal,Cited to explain the EU AI Act's disclosure requirements for AI-powered conversational interfaces
/blog/ai-hallucination-what-it-is-how-to-prevent-it,AI Hallucination: What It Is and How to Prevent It,https://arxiv.org/html/2507.18910v1,arxiv.org,arXiv,Multi-Agent RAG reduced hallucinations from 15% to 1.45%,"Multi-Agent RAG system reduced hallucination rate from 15% down to 1.45%","Quantified hallucination reduction stat supporting the effectiveness of RAG for accuracy",Academic paper,Cited as peer-reviewed evidence for the dramatic reduction in hallucinations achieved with Multi-Agent RAG
/blog/ai-hallucination-what-it-is-how-to-prevent-it,AI Hallucination: What It Is and How to Prevent It,https://www.mdpi.com/2079-9292/14/21/4227,mdpi.com,MDPI Electronics,self-reflective RAG lowered hallucinations to 5.8%,"Self-reflective RAG architecture lowered hallucination rates to 5.8%","Academic stat quantifying hallucination reduction through self-reflective RAG",Academic journal,Cited as peer-reviewed evidence for a specific RAG technique that reduces hallucinations
/blog/what-is-conversational-ai,What Is Conversational AI?,https://huggingface.co/learn/nlp-course/chapter1/2,huggingface.co,Hugging Face,NLP course,,"Industry-standard educational resource for NLP and conversational AI foundations",Educational / technical,Cited as a technical reference for understanding NLP models underlying conversational AI
/blog/what-is-conversational-ai,What Is Conversational AI?,https://www.grandviewresearch.com/industry-analysis/chatbot-market,grandviewresearch.com,Grand View Research,chatbot market $7.76B in 2024 projected $27.29B by 2030,"Chatbot market valued at $7.76 billion in 2024, projected to reach $27.29 billion by 2030","Market size and growth projection supporting the significance of conversational AI investment",Market research,Cited to provide market context and growth projections for the chatbot industry
/blog/what-is-conversational-ai,What Is Conversational AI?,https://artificialintelligenceact.eu/article/50/,artificialintelligenceact.eu,EU AI Act,Article 50,,"EU AI Act Article 50 transparency requirements for AI systems interacting with humans",Regulatory / legal,Cited to explain regulatory disclosure requirements for AI chatbots in the EU
/blog/reduce-employee-onboarding-time-with-ai,Reduce Employee Onboarding Time with AI,https://superagi.com/case-studies-in-ai-onboarding-success-how-companies-achieved-82-new-hire-retention-rates-in-2025/,superagi.com,SuperAGI,AI onboarding reduces time-to-productivity by up to 40%,"AI-powered onboarding reduces time-to-productivity by up to 40%","Efficiency stat supporting the productivity case for AI in employee onboarding",Case study / industry research,Cited to quantify the productivity gains from AI-assisted employee onboarding
/blog/reduce-employee-onboarding-time-with-ai,Reduce Employee Onboarding Time with AI,https://www.shrm.org/topics-tools/news/shrm-benchmarking-report-4129-average-cost-per-hire,shrm.org,SHRM (Society for Human Resource Management),average onboarding cost $4129 per hire,"Average cost to onboard a new employee is $4,129","Industry benchmark for onboarding costs; establishes the financial baseline for ROI calculations",Industry research / benchmarking,Cited to establish the cost baseline that AI onboarding tools are measured against
/blog/reduce-employee-onboarding-time-with-ai,Reduce Employee Onboarding Time with AI,https://enboarder.com/blog/employee-engagement-onboarding-stats/,enboarder.com,Enboarder,only 12% say great onboarding; 82% higher retention,"Only 12% of employees say their company has great onboarding; organizations with strong onboarding achieve 82% higher retention","Two key stats linking onboarding quality to retention outcomes",Industry research / statistics,Cited to show both the gap in onboarding quality and the retention payoff from improving it
/blog/chatbot-for-financial-services,AI Chatbot for Financial Services,https://www.kitces.com/blog/how-do-financial-advisors-spend-time-research-study-productivity-capacity-efficiency/,kitces.com,Kitces Research,advisors spend 6.6 hrs/week on client questions,"Financial advisors spend an average of 6.6 hours per week answering routine client questions","Time-use data showing the scale of repetitive advisor workload that chatbots could automate",Industry research / study,Cited to quantify the time advisors spend on answerable routine questions
/blog/chatbot-for-financial-services,AI Chatbot for Financial Services,https://coinlaw.io/banking-chatbot-adoption-statistics/,coinlaw.io,CoinLaw,92% of North American banks use AI chatbots,"92% of North American banks have deployed or are piloting AI chatbots","High adoption rate stat establishing industry momentum for financial services chatbots",Industry statistics,Cited to show the scale of chatbot adoption already underway in banking
/blog/chatbot-for-financial-services,AI Chatbot for Financial Services,https://www.juniperresearch.com/press/bank-cost-savings-via-chatbots-reach-7-3bn-2023/,juniperresearch.com,Juniper Research,banking chatbot cost savings projected $7.3B,"Bank cost savings via chatbots were projected to reach $7.3 billion by 2023","Market research quantifying cost savings from chatbot deployment in banking",Market research,Cited to support the financial services ROI case for chatbot investment
/blog/chatbot-for-financial-services,AI Chatbot for Financial Services,https://www.finra.org/rules-guidance/key-topics/fintech/report/artificial-intelligence-in-the-securities-industry/ai-apps-in-the-industry,finra.org,FINRA,FINRA AI guidance for securities industry,,"Official regulatory guidance on AI use in securities industry; compliance reference",Regulatory / compliance,Cited as the authoritative regulatory reference for AI use in the securities industry
/blog/chatbot-for-financial-services,AI Chatbot for Financial Services,https://www.finra.org/rules-guidance/notices/24-09,finra.org,FINRA,FINRA Rules 2210 and 2220,,"Official FINRA regulatory notice on communications rules applicable to AI-generated content",Regulatory / compliance,Cited to explain specific FINRA rules governing AI-generated communications with investors
/blog/chatbot-for-fitness-studios,AI Chatbot for Fitness Studios,https://www.keepme.ai/case-studies/north-america-fitness-industry-study/,keepme.ai,Keepme,50% of gym inquiries go unanswered,"50% of fitness studio inquiries go unanswered during off-hours","Missed inquiry stat demonstrating the opportunity cost of not having 24/7 chatbot coverage",Industry case study,Cited to quantify how many gym leads are lost due to lack of after-hours response
/blog/chatbot-for-fitness-studios,AI Chatbot for Fitness Studios,https://wod.guru/blog/gym-membership-statistics/,wod.guru,Wod.guru,50% of new gym members quit within 6 months,"50% of new gym members cancel their membership within the first 6 months","Retention stat establishing the scale of gym member churn problem",Industry statistics,Cited to establish the gym retention problem that chatbot-driven engagement can help solve
/blog/chatbot-for-fitness-studios,AI Chatbot for Fitness Studios,https://smarthealthclubs.com/blog/100-gym-membership-retention-statistics/,smarthealthclubs.com,Smart Health Clubs,12% of memberships start in January,"12% of all gym memberships start in January","Seasonality stat showing the January surge and need for scalable response capacity",Industry statistics,Cited to illustrate the predictable January surge in gym inquiries that chatbots can absorb
/blog/small-business-ai-automation-guide,Small Business AI Automation Guide,https://www.mckinsey.com/capabilities/quantumblack/our-insights/the-state-of-ai,mckinsey.com,McKinsey & Company,78% of companies use AI in at least one function,"78% of organizations now use AI in at least one business function","AI adoption rate stat showing mainstream business adoption",Management consulting research,Cited to establish that AI automation is now mainstream across organizations of all sizes
/blog/small-business-ai-automation-guide,Small Business AI Automation Guide,https://www.demandsage.com/chatbot-statistics/,demandsage.com,DemandSage / IBM,chatbots handle up to 80% of routine inquiries,"Chatbots can handle up to 80% of routine customer inquiries without human intervention","Automation capacity stat supporting the case for chatbot deployment",Industry statistics aggregator,Cited to show the percentage of routine support volume that chatbots can automate
/blog/small-business-ai-automation-guide,Small Business AI Automation Guide,https://www.grandviewresearch.com/industry-analysis/chatbot-market,grandviewresearch.com,Grand View Research,SMBs fastest-growing chatbot adopters 25.1% CAGR,"SMBs are the fastest-growing segment for chatbot adoption at a 25.1% CAGR","Market growth stat specifically relevant to the small business target audience",Market research,Cited to show that the chatbot market growth is disproportionately driven by SMBs
/blog/chatbot-for-accounting-firms,AI Chatbot for Accounting Firms,https://www.irs.gov/newsroom/filing-season-statistics-by-year,irs.gov,IRS (Internal Revenue Service),~40M calls during 2024 filing season,"The IRS received approximately 40 million calls during the 2024 tax filing season","Government stat establishing the scale of tax season inquiry volume",Government statistics,Cited to illustrate the volume of tax inquiries during filing season and the opportunity for chatbot deflection
/blog/chatbot-for-accounting-firms,AI Chatbot for Accounting Firms,https://www.vanta.com/collection/soc-2/soc-2-compliance-requirements,vanta.com,Vanta,SOC 2 compliance requirements,,"Practical compliance reference for accounting firms handling sensitive financial data",Compliance reference,Cited as a resource explaining SOC 2 requirements relevant to accounting chatbot deployments
/blog/chatbot-for-accounting-firms,AI Chatbot for Accounting Firms,https://teamstage.io/onboarding-statistics/,teamstage.io,TeamStage,new client onboarding costs $4129 per new hire,"Average new client onboarding costs approximately $4,129 per engagement","Onboarding cost benchmark applied to accounting client acquisition context",Industry statistics,Cited to establish the cost of client onboarding that chatbots can help reduce
/blog/chatbot-for-insurance,AI Chatbot for Insurance,https://insurancenewsnet.com/innarticle/ai-adoption-has-dramatically-changed-insurance-landscape-expert-says,insurancenewsnet.com,InsuranceNewsNet,insurance AI adoption jumped 8% to 34% in 2025,"Insurance industry AI adoption jumped from 8% to 34% in 2025","Dramatic adoption rate increase stat showing accelerating AI use in insurance",Industry news,Cited to show the speed of AI adoption acceleration in the insurance sector
/blog/chatbot-for-insurance,AI Chatbot for Insurance,https://www.deloitte.com/us/en/services/consulting/articles/insurance-technology-trends.html,deloitte.com,Deloitte,67% of insurers testing GenAI only 7% scaled it,"67% of insurers are testing generative AI but only 7% have scaled it","Gap between experimentation and deployment; supports argument for accessible chatbot tools",Consulting research,Cited to show that most insurers are experimenting with AI but struggling to scale it
/blog/chatbot-for-insurance,AI Chatbot for Insurance,https://hyperleap.ai/blog/insurance-customer-service-automation-statistics-2026,hyperleap.ai,Hyperleap AI,chatbots manage 80% of inbound inquiries; 83% satisfaction,"AI chatbots manage up to 80% of inbound insurance inquiries with 83% customer satisfaction","Automation and satisfaction stats specific to the insurance sector",Industry statistics,Cited to quantify both automation capacity and customer satisfaction for insurance chatbots
/blog/how-to-embed-chatbot-in-shopify,How to Embed a Chatbot in Shopify,https://www.searchenginejournal.com/cms-market-share/454039/,searchenginejournal.com,Search Engine Journal,Shopify holds 4.8% of the CMS market share,"Shopify holds 4.8% of the overall CMS market share","Market share stat establishing Shopify's reach as a platform",Industry publication,Cited to establish the scale of Shopify's market presence and the opportunity for chatbot deployment
/blog/how-to-embed-chatbot-in-wordpress,How to Embed a Chatbot in WordPress,https://wordpress.com/blog/2025/04/17/wordpress-market-share/,wordpress.com,WordPress,WordPress powers 43.4% of all websites,"WordPress powers 43.4% of all websites globally","Market share stat establishing WordPress's dominance and the reach of this guide",Official blog,Cited to quantify the scale of WordPress's market presence
/blog/chatbot-for-recruitment,AI Chatbot for Recruitment,https://www.secondtalent.com/resources/ai-in-recruitment-statistics/,secondtalent.com,Second Talent,73% of organizations now use chatbots for initial candidate screening,"73% of organizations now use AI chatbots for initial candidate screening","High adoption rate stat showing chatbots are mainstream in recruitment",Industry statistics,Cited to show that chatbot-assisted screening is already standard practice in recruiting
/blog/chatbot-for-recruitment,AI Chatbot for Recruitment,https://www.carv.com/blog/ai-recruitment-statistics-for-recruiters-and-staffing-agencies,carv.com,Carv,AI-powered screening reduces resume review time by up to 75%; 41% higher candidate engagement,"AI-powered screening reduces resume review time by up to 75% and generates 41% higher candidate engagement","Two efficiency/engagement stats quantifying the impact of AI in recruitment",Industry statistics,Cited to quantify the time savings and engagement improvement from AI-assisted recruitment
/blog/what-is-vector-search,What Is Vector Search?,https://dev.to/klement_gunndu_e16216829c/vector-databases-guide-rag-applications-2025-55oj,dev.to,dev.to / industry research,vector database market,"Vector database market projected to reach $10.6B by 2032; Zendesk case study showing 7% MRR increase","Market data and real-world case study supporting vector search adoption",Industry research / blog,Cited for vector database market size projections and a real-world case study of vector search performance
/blog/what-is-vector-search,What Is Vector Search?,https://developers.openai.com/api/docs/guides/embeddings,developers.openai.com,OpenAI,OpenAI's text-embedding models,,"Technical reference for the embedding models used to generate vectors for vector search",Technical documentation,Cited as the reference for the embedding models that power vector search
/blog/what-is-vector-search,What Is Vector Search?,https://www.pinecone.io/learn/vector-database/,pinecone.io,Pinecone,Popular vector database,,"Technical reference from a major vector database provider; explains vector database architecture",Technical / product documentation,Cited as a leading vector database reference and explanation of how vector databases work
/blog/what-is-vector-search,What Is Vector Search?,https://supabase.com/docs/guides/database/extensions/pgvector,supabase.com,Supabase,pgvector for PostgreSQL,,"Technical reference for VocUI's own vector search implementation using Supabase pgvector",Technical documentation,Cited as the implementation reference for pgvector in PostgreSQL
/blog/what-is-a-chatbot-widget,What Is a Chatbot Widget?,https://masterofcode.com/blog/chatbot-statistics,masterofcode.com,Master of Code,80% of consumers have interacted with a chatbot,"80% of consumers have already interacted with a chatbot","Adoption stat establishing widespread familiarity with chatbot widgets",Industry statistics,Cited to show that most consumers have already used a chatbot and are familiar with the widget format
/blog/how-to-measure-chatbot-roi,How to Measure Chatbot ROI,https://www.ibm.com/thought-leadership/institute-business-value/report/ai-customer-service,ibm.com,IBM Institute for Business Value,IBM IBV AI customer service report,"$3.50 return for every $1 invested in AI customer service; AI cut average first response time by 55%","Two key ROI metrics from authoritative IBM research",Authoritative research report,Cited as the primary ROI data source for AI customer service investments
/blog/how-to-measure-chatbot-roi,How to Measure Chatbot ROI,https://www.ibm.com/think/topics/ai-customer-service-chatbots,ibm.com,IBM,chatbots can handle up to 80% of routine inquiries,"AI chatbots can handle up to 80% of routine customer inquiries","Automation capacity stat used in ROI calculations",Authoritative source / IBM thought leadership,Cited to establish the 80% automation baseline for chatbot ROI calculations
/blog/how-to-measure-chatbot-roi,How to Measure Chatbot ROI,https://www.demandsage.com/chatbot-statistics/,demandsage.com,DemandSage,human-agent interactions typically cost $6-$15 each,"Human agent interactions cost $6–$15 each vs $0.50–$0.70 for AI chatbot","Cost per interaction comparison that is central to chatbot ROI calculations",Industry statistics aggregator,Cited for the cost-per-interaction comparison that forms the core of chatbot ROI analysis
/blog/how-to-measure-chatbot-roi,How to Measure Chatbot ROI,https://masterofcode.com/blog/chatbot-statistics,masterofcode.com,Master of Code,90% of businesses experienced faster complaint resolution,"90% of businesses reported faster complaint resolution after deploying chatbots","Customer service improvement stat supporting chatbot ROI claims",Industry statistics,Cited to show the operational improvement businesses experience after chatbot deployment
/blog/chatbot-for-restaurants,AI Chatbot for Restaurants,https://www.salesforce.com/resources/research-reports/state-of-service/,salesforce.com,Salesforce,83% of customers expect to interact with someone immediately,"83% of customers expect to interact with a company immediately when they have a question","Customer expectation stat supporting the need for instant chatbot responses",Industry research report,Cited to establish how quickly customers expect responses and why real-time chatbots matter
/blog/chatbot-for-restaurants,AI Chatbot for Restaurants,https://masterofcode.com/blog/chatbot-statistics,masterofcode.com,Master of Code,30% of restaurants use chatbots; 33% of consumers want chatbots for reservations,"30% of restaurants use chatbots; 33% of consumers prefer chatbots for reservations","Restaurant-specific adoption and consumer preference stats",Industry statistics,Cited for restaurant-specific chatbot adoption and consumer preference data
/blog/ai-chatbot-for-after-hours-support,AI Chatbot for After-Hours Support,https://dialzara.com/blog/missed-calls-hidden-costs-and-ai-solutions,dialzara.com,DialZara,small businesses lose more than $126000 annually from missed calls alone,"Small businesses lose more than $126,000 annually from missed calls alone","Missed call cost stat establishing the financial case for after-hours chatbot coverage",Industry statistics / blog,Cited to quantify the annual revenue loss from missed after-hours calls and inquiries
/blog/chatbot-conversion-rate-optimization,Chatbot Conversion Rate Optimization,https://www.invespcro.com/cro/conversion-rate-by-industry/,invespcro.com,Invesp,average website converts roughly 2-3% of visitors,"Average website conversion rate is roughly 2–3% across industries","Industry conversion rate benchmark establishing the baseline that chatbots can improve upon",Industry research / CRO data,Cited to establish the average website conversion rate and the opportunity for chatbot-driven improvement
/blog/cost-of-customer-support-without-ai,The Cost of Customer Support Without AI,https://www.superoffice.com/blog/response-times/,superoffice.com,SuperOffice,average business takes 12 hours and 10 minutes to respond,"The average business takes 12 hours and 10 minutes to respond to a customer email","Response time benchmark that contrasts dramatically with instant chatbot responses",Industry research / statistics,Cited to establish how slow typical business response times are without AI assistance
/blog/cost-of-customer-support-without-ai,The Cost of Customer Support Without AI,https://www.bls.gov/ooh/office-and-administrative-support/customer-service-representatives.htm,bls.gov,U.S. Bureau of Labor Statistics,median customer service representative earns about $43000,"The median customer service representative earns about $43,000 per year","Official salary data establishing the labor cost baseline for support ROI comparisons",Government statistics,Cited as the authoritative salary benchmark for customer service agent labor cost calculations
/blog/cost-of-customer-support-without-ai,The Cost of Customer Support Without AI,https://www.gartner.com/smarterwithgartner/rethink-customer-service-strategy-drive-self-service,gartner.com,Gartner,self-service channels cost $1.84 vs $13.50 for assisted channels,"Self-service channels cost an average of $1.84 per contact vs $13.50 for assisted service channels","Cost per contact comparison from Gartner showing the dramatic savings from self-service",Market research / advisory,Cited for the definitive cost-per-contact comparison between self-service and human-assisted support
/blog/cost-of-customer-support-without-ai,The Cost of Customer Support Without AI,https://investor.forrester.com/news-releases/news-release-details/forrester-challenges-firms-evaluate-their-customer-experience-cx/,investor.forrester.com,Forrester CX Index,2.4x more likely to remain loyal when problems resolve quickly,"Customers are 2.4x more likely to remain loyal when their problem is resolved quickly","Loyalty multiplier from Forrester linking resolution speed to customer retention",Market research / advisory,Cited to quantify the loyalty impact of fast problem resolution
/blog/cost-of-customer-support-without-ai,The Cost of Customer Support Without AI,https://www.insidesales.com/response-time-matters/,insidesales.com,MIT / InsideSales Lead Response Management Study,5-minute response qualifies leads 21x better than waiting 30 minutes,"Responding within 5 minutes qualifies leads 21 times better than waiting 30 minutes","Lead qualification stat showing the dramatic impact of response speed",Academic-industry study,Cited for the landmark lead response time data showing how quickly speed of response decays lead quality
/blog/cost-of-customer-support-without-ai,The Cost of Customer Support Without AI,https://www.nextiva.com/blog/call-center-turnover-rates.html,nextiva.com,Nextiva,turnover in customer support averages 30-45% per year,"Customer support turnover averages 30–45% annually","High attrition rate stat establishing the hidden cost of support staffing",Industry statistics,Cited to show the hidden cost of customer support staffing through high turnover rates
/blog/cost-of-customer-support-without-ai,The Cost of Customer Support Without AI,https://www.demandsage.com/chatbot-statistics/,demandsage.com,DemandSage,human-agent interactions cost $6-$15 vs $0.50-$0.70 for AI,"Human agent interactions cost $6–$15 each vs $0.50–$0.70 for AI chatbot interactions","Cost per interaction comparison central to the without-AI vs with-AI cost argument",Industry statistics aggregator,Cited for the cost-per-interaction comparison that quantifies AI savings
/blog/cost-of-customer-support-without-ai,The Cost of Customer Support Without AI,https://www.zendesk.com/blog/cx-trends-2024/,zendesk.com,Zendesk,AI-assisted agents handle significantly more tickets per hour,"AI-assisted agents handle significantly more tickets per hour than unassisted agents","Agent productivity stat from Zendesk's CX Trends research",Industry research report,Cited for Zendesk data on AI-assisted agent productivity improvements
/blog/cost-of-customer-support-without-ai,The Cost of Customer Support Without AI,https://www.ibm.com/think/topics/ai-customer-service-chatbots,ibm.com,IBM,chatbots can handle up to 80% of routine inquiries,"AI chatbots can handle up to 80% of routine customer inquiries without human intervention","IBM's widely-cited automation capacity stat",Authoritative source / IBM thought leadership,Cited to support the 80% routine query automation claim
/blog/cost-of-customer-support-without-ai,The Cost of Customer Support Without AI,https://www.gartner.com/en/newsroom/press-releases/2022-08-31-gartner-predicts-conversational-ai-will-reduce-contac,gartner.com,Gartner,conversational AI will reduce contact-center labor costs by $80 billion by 2026,"Conversational AI will reduce contact-center labor costs by $80 billion by 2026","Macro-level cost reduction forecast from Gartner supporting the AI support investment case",Market research / advisory,Cited for Gartner's projection of global contact center labor savings from conversational AI
/blog/how-to-embed-chatbot-in-squarespace,How to Embed a Chatbot in Squarespace,https://www.searchenginejournal.com/cms-market-share/454039/,searchenginejournal.com,Search Engine Journal,Squarespace holds 2.3% of the overall CMS market with 9.7% YoY growth,"Squarespace holds 2.3% of the overall CMS market with 9.7% year-over-year growth","Market share stat establishing Squarespace's reach and growth trajectory",Industry publication,Cited to establish Squarespace's market presence and growth momentum
/blog/ai-chatbot-vs-live-chat,AI Chatbot vs Live Chat: Which Is Right for Your Business?,https://www.salesforce.com/blog/chatbot-statistics/,salesforce.com,Salesforce,64% of consumers say 24/7 availability is the most helpful chatbot feature,"64% of consumers say 24/7 availability is the most helpful chatbot feature","Consumer preference stat that is the central argument for AI chatbot over live chat",Salesforce research,Cited as evidence that availability is consumers' top chatbot feature preference
/blog/chatbot-lead-generation-strategies,7 Chatbot Lead Generation Strategies That Work,https://www.invespcro.com/cro/conversion-rate-by-industry/,invespcro.com,Invesp,average website converts roughly 2-3% of visitors,"The average website conversion rate is roughly 2–3% across industries","Baseline conversion rate that establishes the room for chatbot-driven improvement",Industry research / CRO data,Cited to establish the typical baseline conversion rate that chatbot lead capture can improve
/blog/chatbot-lead-generation-strategies,7 Chatbot Lead Generation Strategies That Work,https://formstory.io/learn/form-abandonment-statistics/,formstory.io,FormStory,81% of people have abandoned at least one web form,"81% of people have abandoned at least one web form","Form abandonment stat establishing the problem with traditional lead capture forms",Industry statistics,Cited to show how poorly contact forms perform and why chatbots are a better lead capture mechanism
/blog/chatbot-lead-generation-strategies,7 Chatbot Lead Generation Strategies That Work,https://www.demandsage.com/chatbot-statistics/,demandsage.com,DemandSage,chatbots convert into sales significantly better than traditional website forms,"Chatbots convert visitors into leads significantly better than traditional contact forms","Lead conversion comparison supporting chatbots over forms",Industry statistics aggregator,Cited to support the core claim that chatbots outperform contact forms for lead conversion
/blog/chatbot-lead-generation-strategies,7 Chatbot Lead Generation Strategies That Work,https://www.insidesales.com/response-time-matters/,insidesales.com,MIT / InsideSales Lead Response Management Study,leads contacted within 1 minute are 391% more likely to convert,"Leads contacted within 1 minute are 391% more likely to convert than those contacted later","Speed-to-lead stat justifying immediate chatbot-driven lead qualification and follow-up",Academic-industry study,Cited for the iconic response time data showing how lead conversion probability drops sharply with delay
/blog/how-to-embed-chatbot-in-wix,How to Embed a Chatbot in Wix,https://www.searchenginejournal.com/cms-market-share/454039/,searchenginejournal.com,Search Engine Journal,Wix holds 3.7% of the CMS market and is fastest-growing at 32.6% YoY,"Wix holds 3.7% of the CMS market and is the fastest-growing major CMS at 32.6% year-over-year","Market share and growth stat establishing Wix's scale and momentum",Industry publication,Cited to establish Wix's market presence and growth rate
/blog/how-to-reduce-customer-support-tickets,How to Reduce Customer Support Tickets with AI,https://www.gartner.com/en/newsroom/press-releases/2022-08-31-gartner-predicts-conversational-ai-will-reduce-contac,gartner.com,Gartner,AI bots achieve 30-50% ticket deflection rates,"AI bots achieve 30–50% ticket deflection rates according to Gartner","Ticket deflection benchmark from Gartner establishing realistic expectations",Market research / advisory,Cited in the intro as the primary benchmark for chatbot ticket deflection performance
/blog/how-to-reduce-customer-support-tickets,How to Reduce Customer Support Tickets with AI,https://www.demandsage.com/chatbot-statistics/,demandsage.com,DemandSage / IBM,chatbots can handle up to 80% of routine inquiries without human intervention,"IBM via DemandSage: chatbots can handle up to 80% of routine inquiries","Automation capacity stat from IBM cited via DemandSage",Industry statistics aggregator,Cited to establish the 80% routine query automation claim as the theoretical ceiling for ticket deflection
/blog/how-to-reduce-customer-support-tickets,How to Reduce Customer Support Tickets with AI,https://www.ibm.com/thought-leadership/institute-business-value/report/ai-customer-service,ibm.com,IBM Institute for Business Value,AI cut average first response time by 55%,"IBM Institute for Business Value: AI cut average first response time by 55%","Response time improvement stat tied to the semantic understanding capability of AI chatbots",Authoritative research report,Cited to quantify how AI's semantic understanding translates into faster first response times
/blog/chatbot-for-education,AI Chatbots for Education: Automate Student FAQs,https://www.insidehighered.com/news/student-success/academic-life/2025/06/11/65-percent-students-use-gen-ai-chat-bot-weekly,insidehighered.com,Inside Higher Ed,65% of students use generative AI chatbots weekly,"65% of students already use generative AI chatbots on a weekly basis","Student AI adoption stat showing existing familiarity with chatbot interfaces",Higher education news publication,Cited to show that students already expect conversational AI interfaces for finding information
/blog/chatbot-for-education,AI Chatbots for Education: Automate Student FAQs,https://springsapps.com/knowledge/how-universities-use-chatbots-in-2024,springsapps.com,Springs Apps,58% of institutions that adopted chatbots report improved services,"58% of educational institutions that adopted chatbots report improved services","Adoption outcome stat showing positive results from educational chatbot deployments",Industry statistics / research,Cited to quantify the service improvement reported by educational institutions using chatbots
/blog/chatbot-for-education,AI Chatbots for Education: Automate Student FAQs,https://studentprivacy.ed.gov,studentprivacy.ed.gov,U.S. Department of Education,Family Educational Rights and Privacy Act (FERPA),,"Official U.S. government resource explaining FERPA student privacy law",Government / regulatory,Cited as the authoritative source on FERPA requirements that education chatbot deployments must respect
/blog/chatbot-for-education,AI Chatbots for Education: Automate Student FAQs,https://www.the74million.org/article/50-years-after-ferpas-passage-ed-privacy-law-needs-an-update-for-the-ai-era/,the74million.org,The 74,FERPA does not explicitly cover student data generated in AI chatbot interactions,"FERPA does not explicitly cover student data generated in AI chatbot interactions — but best practice is still to keep chatbots limited to public content","Legal analysis of FERPA's application to AI chatbot data",Education news publication,Cited for analysis of how FERPA applies (or doesn't) to AI chatbot conversation data
/blog/ai-customer-service-statistics,15 AI Customer Service Statistics Every Business Should Know,https://www.ibm.com/think/topics/ai-customer-service,ibm.com,IBM,AI reduces customer service costs by up to 30%,"IBM: businesses deploying AI for customer service report average cost reductions of 30%","Core IBM cost reduction stat cited as the headline number in this statistics roundup",Authoritative source / IBM thought leadership,Cited as the primary source for the 30% cost reduction from AI customer service deployment
/blog/ai-customer-service-statistics,15 AI Customer Service Statistics Every Business Should Know,https://www.grandviewresearch.com/industry-analysis/chatbot-market,grandviewresearch.com,Grand View Research,chatbot market reached $7.76 billion in 2024,"Chatbot market reached $7.76 billion in 2024 and is projected to hit $27.29 billion by 2030","Market size and growth projection establishing the scale of the chatbot industry",Market research,Cited for the chatbot market size and growth projections underpinning AI adoption acceleration
/blog/ai-customer-service-statistics,15 AI Customer Service Statistics Every Business Should Know,https://www.ibm.com/think/topics/ai-customer-service-chatbots,ibm.com,IBM,chatbots handle up to 80% of routine customer questions without human help,"IBM: AI chatbots can manage up to 80% of routine inquiries","Core IBM automation capacity stat used throughout the article",Authoritative source / IBM thought leadership,Cited for IBM's widely-referenced figure on the percentage of routine queries chatbots can handle
/blog/ai-customer-service-statistics,15 AI Customer Service Statistics Every Business Should Know,https://venturebeat.com/ai/idc-study-businesses-report-a-massive-3-5x-return-on-ai-investments,venturebeat.com,VentureBeat / IDC,"businesses see $3.50 return per $1 invested in AI","IDC research: businesses see an average $3.50 return for every $1 invested in AI","AI ROI benchmark from IDC research via VentureBeat",Tech industry media / IDC research,Cited for the IDC-sourced ROI figure showing 3.5x return on AI investment
/blog/ai-customer-service-statistics,15 AI Customer Service Statistics Every Business Should Know,https://www.salesforce.com/news/stories/customer-service-statistics-2024/,salesforce.com,Salesforce,Salesforce State of Service report 2024,"Salesforce State of Service 2024: AI-assisted agents benefit from surfaced knowledge and reduce average handle time by up to 40%","Agent productivity improvement stat from Salesforce's annual industry report",Industry research report,Cited for Salesforce's data on AI-assisted agent efficiency improvements
/blog/ai-customer-service-statistics,15 AI Customer Service Statistics Every Business Should Know,https://www.demandsage.com/chatbot-statistics/,demandsage.com,DemandSage,AI chatbot interactions cost $0.50-$0.70 each vs $6-$15 for human agents,"AI chatbot interactions cost $0.50–$0.70 each compared to $6–$15 for human agents","Cost per interaction comparison central to AI support ROI calculations",Industry statistics aggregator,Cited for the cost-per-interaction data showing AI chatbots are 10-20x cheaper than human agents
/blog/ai-customer-service-statistics,15 AI Customer Service Statistics Every Business Should Know,https://document360.com/blog/self-service-statistics/,document360.com,Document360 / Dimension Data study,73% of customers prefer company's website for support,"Dimension Data study: 73% of customers prefer using a company's website over other channels for resolving issues","Channel preference stat supporting website-based chatbot deployment",Industry statistics aggregator,Cited for the Dimension Data research on customer channel preferences for support
/blog/ai-customer-service-statistics,15 AI Customer Service Statistics Every Business Should Know,https://masterofcode.com/blog/chatbot-statistics,masterofcode.com,Master of Code,90% of businesses reported faster complaint resolution after deploying chatbots,"90% of businesses reported faster complaint resolution after deploying chatbots","Operational improvement stat from Master of Code's chatbot statistics research",Industry statistics,Cited to show the near-universal improvement in complaint resolution speed after chatbot deployment
/blog/ai-customer-service-statistics,15 AI Customer Service Statistics Every Business Should Know,https://blog.hubspot.com/service/customer-service-stats,blog.hubspot.com,HubSpot,90% of consumers rate an immediate response as important,"HubSpot: 90% of consumers rate an 'immediate' response as important for customer service questions",Customer expectation stat establishing why instant chatbot responses matter,Industry research / statistics,Cited for HubSpot's data on how strongly customers prioritize immediate responses
/blog/ai-customer-service-statistics,15 AI Customer Service Statistics Every Business Should Know,https://www.invespcro.com/blog/chatbots-customer-service/,invespcro.com,Invesp,40% of consumers don't care if chatbot or human helps as long as issue resolves,"Invesp: 40% of consumers do not care whether a chatbot or a human helps them as long as their issue is resolved","Consumer indifference stat showing resolution matters more than channel",Industry research / CRO data,Cited to show that outcome matters more than channel for a significant portion of customers
/blog/ai-customer-service-statistics,15 AI Customer Service Statistics Every Business Should Know,https://blog.hubspot.com/service/future-of-ai-in-customer-service,blog.hubspot.com,HubSpot,service professionals save over 2.2 hours per day using AI chatbots,"HubSpot: service professionals save over 2.2 hours per day using AI chatbots","Daily time savings stat from HubSpot quantifying the productivity gain from AI assistance",Industry research / statistics,Cited to quantify how much time customer service professionals save daily by using AI tools
/blog/chatbot-for-nonprofits,AI Chatbots for Nonprofits: Engage Donors and Volunteers,https://snowballfundraising.com/donor-abandonment-causes-solutions/,snowballfundraising.com,Snowball Fundraising,nonprofit donation form abandonment rate is 83%,"The nonprofit donation form abandonment rate is 83%","Shocking abandonment rate stat that is the core argument for chatbots on donation pages",Industry statistics,Cited to establish how high nonprofit donation form abandonment is — the primary problem chatbots solve
/blog/chatbot-for-nonprofits,AI Chatbots for Nonprofits: Engage Donors and Volunteers,https://afpglobal.org/FundraisingEffectivenessProject,afpglobal.org,AFP Fundraising Effectiveness Project,only 19% of first-time donors return to give again,"Only 19% of first-time donors return to make a second gift","First-time donor retention stat from authoritative nonprofit research",Nonprofit industry research,Cited as the benchmark for first-time donor retention and the scale of the retention challenge
/blog/chatbot-for-nonprofits,AI Chatbots for Nonprofits: Engage Donors and Volunteers,https://www.nptechforgood.com/101-best-practices/online-fundraising-statistics-for-nonprofits/,nptechforgood.com,Nonprofit Tech for Good,44% of the public donated online recently,"44% of the public made an online donation in the past three months","Online giving frequency stat showing how active the online donation channel is",Nonprofit industry statistics,Cited to show the volume and frequency of online donations and the need for 24/7 chatbot availability
/blog/chatbot-for-nonprofits,AI Chatbots for Nonprofits: Engage Donors and Volunteers,https://www.nonprofitpro.com/article/12-revealing-nonprofit-stats-from-2025/,nonprofitpro.com,NonProfit PRO,only 19% of first-time donors return to give again,"NonProfit PRO: only 19% of first-time donors return — making every initial engagement critical","First-time donor retention stat corroborating the AFP data",Nonprofit industry publication,Cited to reinforce the first-time donor retention statistic from a different industry source
